id;date_created;date_modified;date_deleted
1;2021-03-24T20:38:01;2021-03-24T12:17:58;2021-03-25T08:24:42
2;2021-03-24T10:17:00;2021-03-24T14:32:14;2021-03-24T12:00:28
3;2021-03-24T14:58:49;2021-03-24T17:34:15;2021-03-25T06:57:56
4;2021-03-24T21:37:02;2021-03-25T01:12:30;2021-03-24T09:53:13
5;2021-03-25T06:21:13;2021-03-24T15:41:24;2021-03-25T02:48:05
6;2021-03-24T08:47:26;2021-03-24T12:39:34;2021-03-24T18:44:06
7;2021-03-25T04:15:41;2021-03-24T16:55:35;2021-03-24T14:35:53
8;2021-03-25T08:28:19;2021-03-24T10:43:56;2021-03-25T07:33:22
9;2021-03-24T17:09:57;2021-03-24T12:17:08;2021-03-24T19:21:14
10;2021-03-24T08:45:56;2021-03-25T01:01:40;2021-03-24T08:46:21
